"Reference","Qty","Value","Footprint","MANUFACTURER","Distributor Link","Manufacturer Part Number"
"ANT1","1","PCB Trace Antenna","bbbled:TraceAntenna","","",""
"C1,C2,C3,C4,C5,C6,C7,C12,C14,C19,C23,C24,C26,C27","14","100n","Capacitor_SMD:C_0402_1005Metric","KYOCERA AVX","https://www.digikey.co.nz/en/products/detail/kyocera-avx/KGM05AR71E104KH/3079747","KGM05AR71E104KH"
"C8","1","0p3","Capacitor_SMD:C_0402_1005Metric","Murata Electronics","https://www.digikey.co.nz/en/products/detail/murata-electronics/grm1555c1hr30wa01d/3694052","GRM1555C1HR30WA01D"
"C9","1","0p8","Capacitor_SMD:C_0402_1005Metric","Murata Electronics","https://www.digikey.co.nz/en/products/detail/murata-electronics/grm1555c1hr80ba01d/3694062","GRM1555C1HR80BA01D"
"C10","1","1p2","Capacitor_SMD:C_0402_1005Metric","Murata Electronics","https://www.digikey.co.nz/en/products/detail/murata-electronics/grm1555c1h1r2wa01d/3693935","GRM1555C1H1R2WA01D"
"C11,C18","2","10u","Capacitor_SMD:C_0805_2012Metric","Murata Electronics","https://www.digikey.co.nz/en/products/detail/murata-electronics/GRM21BR61E106KA73K/4905532","GRM21BR61E106KA73K"
"C13,C22","2","47u 6.3V","Capacitor_SMD:C_0805_2012Metric","TDK Corporation","https://www.digikey.co.nz/en/products/detail/tdk-corporation/C2012X5R0J476M125AC/2443465","C2012X5R0J476M125AC"
"C15,C16","2","10p","Capacitor_SMD:C_0402_1005Metric","KYOCERA AVX","https://www.digikey.co.nz/en/products/detail/kyocera-avx/KGM05ACG1H100JN/11258418","KGM05ACG1H100JN"
"C17","1","1u 6.3V","Capacitor_SMD:C_0402_1005Metric","Murata Electronics","https://www.digikey.co.nz/en/products/detail/murata-electronics/GRT155R70J105KE01D/9867924","GRT155R70J105KE01D"
"C20,C21","2","100u","bbbled:WCAP-ASLI_5X5.5_DXL_","WÃ¼rth Elektronik","https://www.digikey.co.nz/en/products/detail/w%C3%BCrth-elektronik/865080142007/5728067","865080142007"
"C25,C28","2","10n","Capacitor_SMD:C_0402_1005Metric","YAGEO","https://www.digikey.co.nz/en/products/detail/yageo/CC0402KRX7R8BB103/2103075","CC0402KRX7R8BB103"
"C29","1","100p","Capacitor_SMD:C_0402_1005Metric","KYOCERA AVX","https://www.digikey.co.nz/en/products/detail/kyocera-avx/KGM05AR71E101KH/1597261","KGM05AR71E101KH"
"D1,D4","2","SSB43L 4A 30V","bbbled:DIODE_DO214AA_MBRS-L","Vishay General Semiconductor - Diodes Division","https://www.digikey.co.nz/en/products/detail/vishay-general-semiconductor-diodes-division/SSB43L-E3-52T/1091561","SSB43L-E3/52T"
"D2,D3,D5","3","LED_RED","LED_SMD:LED_0603_1608Metric","Lite-On Inc.","https://www.digikey.com/en/products/detail/liteon/LTST-C190KRKT/386817","LTST-C190KRKT"
"FID1,FID2,FID3","3","Fiducial","Fiducial:Fiducial_0.5mm_Mask1mm","","",""
"FL1","1","LFB182G45CGFD436","bbbled:FIL_LFB182G45CGFD436","Murata Electronics","https://www.digikey.co.nz/en/products/detail/murata-electronics/LFB182G45CGFD436/14290092","LFB182G45CGFD436"
"J1","1","USB_B","bbbled:CONN_10118194-0001LF_AMP","Amphenol ICC (FCI)","https://www.digikey.co.nz/en/products/detail/amphenol-cs-fci/10118194-0001LF/2785389","10118194-0001LF"
"J2","1","WS2812 3x1 Header","bbbled:CONN_A-6373-03A_MOL","","",""
"J3","1","Barrel_Jack_Switch","bbbled:TENSILITY_54-00131","Tensility International Corp","https://www.digikey.com/en/products/detail/tensility-international-corp/54-00131/9685440","54-00131"
"J4","1","Molex 2.54 2-rows 10-pins","bbbled:CONN10_302-S101_OST","On Shore Technology Inc.","https://www.digikey.co.nz/en/products/detail/on-shore-technology-inc/302-S101/2178422","302-S101"
"L1","1","2n7","Inductor_SMD:L_0402_1005Metric","Murata Electronics","https://www.digikey.co.nz/en/products/detail/murata-electronics/LQG15HS2N7S02D/662864","LQG15HS2N7S02D"
"L2","1","3n6","Inductor_SMD:L_0402_1005Metric","Murata Electronics","https://www.digikey.co.nz/en/products/detail/murata-electronics/LQG15HS3N6S02D/2594221","LQG15HS3N6S02D"
"L3","1","4u7 4A","bbbled:IND_CLF10060NIT-4R7N-D","TDK Corporation","https://www.digikey.co.nz/en/products/detail/tdk-corporation/CLF10060NIT-4R7N-D/6236903","CLF10060NIT-4R7N-D"
"Q1,Q2,Q3,Q4","4","2N7002","Package_TO_SOT_SMD:SOT-23","onsemi","https://www.digikey.co.nz/en/products/detail/onsemi/2n7002/244345","2N7002"
"R1,R4","2","100k","Resistor_SMD:R_0402_1005Metric","Panasonic Electronic Components","https://www.digikey.co.nz/en/products/detail/panasonic-electronic-components/ERA-2AEB104X/1706053","ERA-2AEB104X"
"R2","1","68k","Resistor_SMD:R_0402_1005Metric","YAGEO","https://www.digikey.co.nz/en/products/detail/yageo/RC0402FR-0768KL/726651","RC0402FR-0768KL"
"R3","1","13k","Resistor_SMD:R_0402_1005Metric","YAGEO","https://www.digikey.co.nz/en/products/detail/yageo/RC0402FR-0713KL/726539","RC0402FR-0713KL"
"R5","1","33k","Resistor_SMD:R_0402_1005Metric","YAGEO","https://www.digikey.co.nz/en/products/detail/yageo/RC0402FR-1333KL/13694100","RC0402FR-1333KL"
"R6,R12,R13","3","10k","Resistor_SMD:R_0402_1005Metric","YAGEO","https://www.digikey.co.nz/en/products/detail/yageo/RC0402JR-0710KL/726418","RC0402JR-0710KL"
"R7,R8","2","160","Resistor_SMD:R_0402_1005Metric","Panasonic Electronic Components","https://www.digikey.co.nz/en/products/detail/panasonic-electronic-components/ERJ-2RKF1600X/1746128","ERJ-2RKF1600X"
"R9","1","5k1","Resistor_SMD:R_0402_1005Metric","YAGEO","https://www.digikey.co.nz/en/products/detail/yageo/RC0402FR-075K1L/726624","RC0402FR-075K1L"
"R10","1","220R","Resistor_SMD:R_0402_1005Metric","Delta Electronics/Cyntec","https://www.digikey.co.nz/en/products/detail/delta-electronics-cyntec/PFR05S-221-FNH/9761550","PFR05S-221-FNH"
"R11","1","330","Resistor_SMD:R_0402_1005Metric","YAGEO","https://www.digikey.co.nz/en/products/detail/yageo/RC0402FR-13330RL/14008370","RC0402FR-13330RL"
"SW1","1","SW_Push","Button_Switch_SMD:SW_Push_1P1T_NO_CK_KMR2","C&K","https://www.digikey.co.nz/en/products/detail/c-k/KMR231G-LFS/550477","KMR231G LFS"
"U1","1","SN74LVC1T45DBV","Package_TO_SOT_SMD:SOT-23-6","Texas Instruments","https://www.digikey.co.nz/en/products/detail/texas-instruments/SN74LVC1T45DBVR/639455","SN74LVC1T45DBVR"
"U2","1","ADP2303ARDZ-5.0","Package_SO:SOIC-8-1EP_3.9x4.9mm_P1.27mm_EP2.29x3mm"," Analog Devices","https://www.mouser.com/ProductDetail/Analog-Devices/ADP2303ARDZ-5.0-R7?qs=WIvQP4zGanhBp7gSLomcnw%3D%3D"," ADP2303ARDZ-5.0-R7 "
"U3","1","STM32WB55CEUx","Package_DFN_QFN:QFN-48-1EP_7x7mm_P0.5mm_EP5.6x5.6mm","STMicroelectronics","https://www.digikey.co.nz/en/products/detail/stmicroelectronics/stm32wb55ceu6/9919555","STM32WB55CEU6"
"U4","1","TPS7A2033DBV","Package_TO_SOT_SMD:SOT-23-5","Texas Instruments","https://www.digikey.co.nz/en/products/detail/texas-instruments/tps7a2433dbvr/11502221","TPS7A2433DBVR"
"U5","1","USBLC6-2SC6","Package_TO_SOT_SMD:SOT-23-6","UMW","https://www.digikey.co.nz/en/products/detail/umw/usblc6-2sc6/16705896","USBLC6-2SC6"
"X1","1","32MHz","Crystal:Crystal_SMD_2016-4Pin_2.0x1.6mm","ECS Inc.","https://www.digikey.com/en/products/detail/ecs-inc/ECS-320-8-37CKM/1693716","ECS-320-8-37CKM"
"X2","1","32kHz768","bbbled:XTAL_NX2012SA_NDK","NDK (NIHON DEMPA KOGYO CO., LTD)","https://www.digikey.com/en/products/detail/ndk-nihon-dempa-kogyo-co-ltd/STDMUB1-32-768K/4914433","STDMUB1-32.768K"
